Transient,Catalog AGN?
ANT2018gid6s,0
ANT2020bbal6,1
ANT2024lrks74qeg66e,0
ANT2020hcaq,1
ANT2024sn6oe0p89hje,0
ANT2024ii39eh2cgvrq,0
ANT2020aec2lha,1
ANT2020eddgu,0
ANT2024d0vsyn9vyidc,0
ANT2024nkvjzvyigoob,0
ANT2024clcoxco1jbaj,0
ANT2020j6rcq,0
ANT2024tgvkdxfr0xq3,0
ANT2020bjj5u,1
ANT2019cqjuy,1
ANT2019l3f3w,1
ANT2024ddolw7ghd1dg,0
ANT20243hi28ijfstk6,0
ANT2020azac4,1
ANT2020ae25e,1
ANT2024u8coepbvazep,0
ANT202488hhv1fsbiuw,0
ANT202124ujc,0
ANT2020agepo,1
ANT2024xc3w8loyfyvj,0
ANT2024libmij96ppiq,0
ANT2020txqcg,1
ANT2024bfxcur9k9sk3,0
ANT2024pzwk8sw72swy,0
ANT2020ag55k,1
ANT2020aezabxq,1
ANT2022gxwrhd9y6g9s,0
ANT2021aeg2jna,1
ANT2023bqv4h7binyq4,0
ANT2020bie2g,1
ANT20231w61tx3b7kc6,0
ANT2020beq56,1
ANT2020morxg,1
ANT2020bdad2,1
ANT2022l6qcj1ui61x9,0
ANT2023se3nkf73j92a,0
ANT2021ru6q,1
ANT202054xza,0
ANT2020bfe7w,1
ANT20243opskqgfykma,0
ANT2024m9f2xaf7oij5,0
ANT2020aeo4d5i,1
ANT2023jv3c7jtdg329,0
ANT202405vf9yw0zrmw,0
ANT2021wg7h4,1
ANT2020m5f4o,1
ANT20205duo4,1
ANT2019j6epa,0
ANT2020aelzi,1
ANT2024exvwfgxjd0m9,0
ANT2021nieng,1
ANT2024fuxlzdgvtjte,0
ANT2020nijxu,1
ANT2020bgxn4,0
ANT2024dz9g18xaxdme,0
ANT2020bc5go,1
ANT2024mgcns300taqr,0
ANT2020aezoq,1
ANT2018ecufc,0
ANT2021j6uva,1
ANT2020aewec,1
ANT202418klzflnhbsa,0
ANT2024g2cfhdf78p4l,0
ANT2020aeigc,0
ANT2020f7tje,1
ANT2020ynsq,1
ANT2024tuqqsjpalc6c,0
ANT2018bn7iw,1
ANT2018fmv6i,0
ANT2021s26c6,1
ANT2018lsxvg,1
ANT2024jwuh0nctjzcf,0
ANT2020mn3ww,1
ANT2020aexw4,1
ANT2020okua4,0
ANT2020bdobi,1
ANT2024ijoixtddeta3,0
ANT2020cdlmw,1
ANT2020aeyzo,1
ANT2020nichk,1
ANT2024czw3capa9gng,0
ANT2020arzp4,1
ANT2020bvics,1
ANT2020ca262,0
ANT2020aseuo,1
ANT2020aeowm,1
ANT2019knp3q,1
ANT2020aedyd7y,1
ANT2020aed5sui,1
ANT20207psj6,1
ANT202076qq,1
ANT2020swsq,1
ANT2020a4rvm,1
ANT2020lapmq,0
ANT2018cuczo,1
ANT20249rmid7od69hs,0
ANT2020apu3q,0
ANT2023jq1yqky50yrr,0
ANT2020egz4k,1
ANT2018algti,1
ANT2021tadz6,1
ANT2024yjsmwklg2pe6,0
ANT2021nc7qm,1
ANT2024w10w0bvv3x7x,0
ANT2020aefyaki,1
ANT2018ce6ls,1
ANT2018a5i2s,1
ANT2024i8j3wa9aj08e,0
ANT2020aedae,1
ANT2023uccdnz3crdqb,0
ANT2019v7db2,0
ANT2021j4aak,1
ANT2020bargs,1
ANT2024kc31rdxtudqa,0
ANT2021joqdi,1
ANT2024y8k3v11n22ab,0
ANT2024zbra96thz72w,0
ANT2024md93eeenx3dx,0
ANT2020aftik,0
ANT2020aegpady,0
ANT2020afy6g,0
ANT2020ae4ag,1
ANT2020affaw,0
ANT2024f0inriaxexb8,0
ANT2024tkrctlhxkesx,0
ANT202402tpjirogcu0,0
ANT2022mfat1kcda1bb,1
ANT2020aqup6,1
ANT2020cj6yu,1
ANT2022b6khi,0
ANT2021ouvmc,0
ANT20240s52efz70t9g,0
ANT2024lhmz7ns2z8tw,0
ANT2020cff2q,1
ANT20226p1vqa2axixp,0
ANT2024tbkt5imp6vgs,0
ANT2021xoz4s,1
ANT2018ebtfk,1
ANT2024hqtjuswxu430,0
ANT2024wxoo6yd1lwgm,0
ANT2020ehego,0
ANT2020lzzq,1
ANT2020b7com,0
ANT2024ec6gc761ys9q,0
ANT2024x5gid6y40xo3,0
ANT2020jgfgw,1
ANT2024rhlvuyh7pfbe,0
ANT2024lnikukjv7b45,0
ANT20203eszi,1
ANT20245s0g74j8ym2w,1
ANT2020aksgu,1
ANT2020a4e36,1
ANT2024qy9q5fte29jr,0
ANT2020ak43a,1
ANT2020ehn7k,1
ANT2020amgzk,1
ANT20245arg4rup9tw6,0
ANT2020a37m6,1
ANT2024igisbdy476if,0
ANT2024pe8q5lsn07yx,0
ANT2024mg5m4ddvhmgo,0
ANT2020waqa,1
ANT2020ankw4,0
ANT2022hhqcxubclgvr,1
ANT2024qaer6hy5m38k,0
ANT2024ifht9uf75g97,0
ANT2024lyrdmy474hvs,1
ANT2020ba4qq,1
ANT2019ssmic,0
ANT2024ore6fn9nuqnj,0
ANT2020akfg4,1
ANT2020akilu,0
ANT2021da5ds,1
ANT2024knlwm23hnb33,0
ANT2020ecrbm,1
ANT2024zo3os5v2w7vw,0
ANT2023sl5zb2zklfb5,1
ANT2020alezc,0
ANT202413119xm7v5zg,0
ANT2020chvog,0
ANT2024o1ojonq25phb,0
ANT2024bavbhit16azt,0
ANT20247fphdma2pkb4,0
ANT2020hq3lm,1
ANT2024mb37i7f5whtb,0
ANT2024gqwj27zinugv,0
ANT20241mv066gcakis,0
ANT2024672esin38ix1,0
ANT2024wf6p5innheew,0
ANT2024ww90fa8ji3es,0
ANT2024x8whlgaauuir,0
ANT2024lu6d9qc8r52k,0
ANT2019mx4nk,1
ANT2020aknci,1
ANT2020ajnie,1
ANT2020c5la,1
ANT2018bacse,1
ANT2024w3to96fjutzi,0
ANT2020akklg,1
ANT2020m5ois,1
ANT2021ztyey,0
ANT20217szpm,0
ANT2020mx75y,0
ANT2023gjfney0rf8ee,0
ANT20202vsro,1
ANT2024c0ty516dep76,0
ANT2020bjk5g,1
ANT2021y4vcw,0
ANT2020aq4fi,1
ANT2020aq4p2,1
ANT2020u3oc2,1
ANT2022evn0238iym7n,1
ANT2020nczi2,0
ANT2020afhrw,1
ANT2020bk3qs,1
ANT2020affac,1
ANT2019kczni,0
ANT2020gw2k4,1
ANT2020evva2,1
ANT2023ou1m4pkursiz,0
ANT2020bdaio,1
ANT2020cueyy,1
ANT2019dx43m,1
ANT2020ayjio,1
ANT2020ayh3i,1
ANT2024l5la0ugdlh6l,0
ANT2020ayxr4,1
ANT2020ae5ke,1
ANT2020lseu4,0
ANT2020bdzvm,1
ANT2019clz6a,0
ANT2020dzqus,0
ANT2021v557w,0
ANT2024oruovbviewx0,0
ANT2020evv4u,1
ANT20241brl9jwytaa3,0
ANT2020vg5me,1
ANT2020artfc,1
ANT2018ey46y,0
ANT2024vy087lu76n1a,0
ANT2020zp2q,1
ANT2020ahbwm,1
ANT2023q8kub1c4g8xd,0
ANT2020aexii,1
ANT2020ayeiq,1
ANT2020c6j5q,1
ANT2020aetqpyy,0
ANT2024upmydxfqef0c,1
ANT2021o7r74,1
ANT2020baon4,1
ANT2024362ypzn6hrrq,1
ANT2020cih6o,0
ANT2019k2x4e,1
ANT2021vo44y,1
ANT20206fja,1
ANT20246zczfxuukwhy,0
ANT2020aeajs,1
ANT2024ygywihig1v4l,0
ANT2024t0nu2pas8qfz,0
ANT20243q88ttd712yi,0
ANT2020j7dcu,1
ANT20229tq4m0l0h51l,0
ANT2020jljo4,1
ANT20204leq,0
ANT2020aegc4,1
ANT2018cgccc,0
ANT2024jgl3vtrqnmd5,0
ANT2024bic9ac86ygxz,0
ANT2024j805e4zmqila,0
ANT202458vnauirobzu,0
ANT2024l5u9dnrvazxj,0
ANT2020eiqv4,1
ANT2018e7zg6,1
ANT2024j1fxxrx8c91z,0
ANT2024gxve5xezi5xi,0
ANT2024xjxza4p10qby,0
ANT2020a4zzi,1
ANT20238jkgsa4mdqlo,1
ANT2023kes6dq7iwer7,0
ANT2024x4ga6akq58bb,0
ANT2020efpzw,1
ANT2024yjhqnq2q1gyp,0
ANT2024m3quwb5g2jh9,1
ANT20247s5kj717euue,0
ANT2020ae5cw,1
ANT2020aernrra,1
ANT2020eeygs,1
ANT2023ifyal3dtahcj,1
ANT20240l0yase37j5d,0
ANT2019tctta,1
ANT20204zrq,1
ANT2024gqgj2s5896k5,0
ANT2020aev3ukq,1
ANT2024e78vpnqxwr1o,0
ANT2024r3i5kn76ir6w,0
ANT2020auuf6,1
ANT2020tbjq,1
ANT2024gy8wmg3rzq4p,0
ANT2020amgqe,1
ANT2023xtyd642zxjy0,0
ANT2024as49zvaja675,0
ANT2020aksba,1
ANT2020nmgpa,0
ANT2021purnc,1
ANT20242gka2p2ofpyd,0
ANT2019vq7p4,0
ANT2020amv7u,0
ANT20203ifq,1
ANT2024eyjahalt9zi6,0
ANT2020e6fce,0
ANT20249b3hg3b6o299,0
ANT2024vddc2i289biq,0
ANT2024lb1v0vsh0fkk,0
ANT2019z6lys,1
ANT2020g4xq,1
ANT2020rvkq,1
ANT2022s3qtmoiv8fe8,1
ANT2022ceqrg,0
ANT2020ewyky,1
ANT2020h4za,0
ANT2024ew1yzx8er897,0
ANT2024wqu82jygvp9w,0
ANT2020akqam,1
ANT2020cgtm2,1
ANT2020mx7a,1
ANT20235yn0yg524chk,0
ANT2020h2rq,1
ANT2020nb6q,1
ANT2021cbbkg,0
ANT2020bftzq,1
ANT2020a4p7a,1
ANT2020ah3yu,1
ANT2024mballl35h17n,0
ANT2021rms6g,0
ANT20240zlthvwyhwqc,0
ANT2021dseik,1
ANT2020cuva,0
ANT2020oe2q,1
ANT2021mhyzw,1
ANT2024dvq8k5ah5y1o,0
ANT2019zvtw2,0
ANT2024tvngdrl9eijq,0
ANT2023fftuq8inayx9,0
ANT2020bcigs,1
ANT2020bsga,1
ANT2021ck4ku,1
ANT2022ahduw,0
ANT2020a5lq,1
ANT20240jl3teyn2yt7,0
ANT2020beysa,1
ANT2020bhbis,1
ANT2020jf2pu,1
ANT2022tzabw6onsfmn,1
ANT2020mv36e,1
ANT2020awv44,1
ANT2023lxoohrgiigxv,1
ANT2023g2yqunjn0bgh,1
ANT20205wl32,1
ANT2020aeuvs,1
ANT2024o1y5hrlxt6yx,0
ANT2024fjwihs4r2set,0
ANT20243kg8z0ajmnau,0
ANT2020asbzc,1
ANT2019sjsqy,1
ANT2020aencata,0
ANT2020bwkxg,1
ANT202494d57vsw31cm,0
ANT2019myljs,1
ANT2020aksda,1
ANT2018fi3wu,1
ANT2020endg2,1
ANT2020encya,1
ANT20242uxmm5trvyn0,0
ANT202319oz1izk9yyg,0
ANT2021ruqsm,1
ANT2020apt7g,0
ANT20246szulg829pm2,0
ANT2024n2kj9718m45c,0
ANT2020fyikw,1
ANT2020amu7g,1
ANT2020bbhqs,0
ANT2024tg7jf44am286,0
ANT20231fwzq2at64ku,0
ANT2024epqtnd3oo3rg,0
ANT2020mlna,1
ANT2024lyyavwjjvk5p,0
ANT2024mkz7yswtqbw1,1
ANT20243b0shjljyopw,0
ANT2020amyg2,1
ANT2021f43cs,1
ANT2021oyvim,1
ANT2020epq7i,1
ANT2020bkmpe,1
ANT20239isdpk4gf9z5,0
ANT2019pv2xm,1
ANT2020be3qu,1
ANT2020bs3wi,0
ANT2022y4ejyaezajx4,1
ANT2020bfwmi,0
ANT2020dvugi,0
ANT2020u2ygy,1
ANT20202743u,1
ANT2020zaom2,1
ANT2022tdqxhwnp78d2,0
ANT2020d77ge,1
ANT2020ahf5m,0
ANT2020aiko6,1
ANT2020m5hec,1
ANT2021qpspi,1
ANT2023ec9859oz0v6j,0
ANT2019ppr2q,1
ANT2021wsko4,0
ANT20240yb2v0amgcmh,0
ANT2024r8kio9cs4a55,0
ANT2020an6bi,1
ANT2020co4cu,1
ANT2022fdua,0
ANT2024eiebx92nin79,1
ANT2024qiam6olh3kkx,1
ANT2019kfuh4,1
ANT2020akloi,1
ANT2020atngu,0
ANT2020atjeu,1
ANT2021f446w,0
ANT20249r09qfv0nlun,0
ANT2020bl6v6,0
ANT20249fhp7mmbwsxy,0
ANT2020ajjee,1
ANT2024foot9ksucdr7,0
ANT2020fqha,1
ANT2020atq3s,1
ANT2020j6qdq,1
ANT2020faeq,1
ANT2020aw3ea,1
ANT2020ayuwe,0
ANT2020c3xko,1
ANT2021shje2,1
ANT2020e77eu,1
ANT2019ast3a,1
ANT2020bcqwa,1
ANT2021aebdmxa,0
ANT2020hlgii,1
ANT2021o7nfg,1
ANT2019pizoe,1
ANT2020vz3nu,0
ANT2020fywqu,1
ANT2024yypvrfbkomtr,0
ANT2019tex7a,1
ANT2020mvtei,1
ANT2024c0lrqeykmg89,0
ANT2020aqoou,1
ANT2021u5dti,0
ANT2024eppxwmjps41p,0
ANT2024e2gmi5we68lj,0
ANT2020a4jti,1
ANT2023cng99l8fmkwo,0
ANT202371kishiysxs9,0
ANT2024q5w9i0wxn1h4,0
ANT20246zq9h4t7dl06,0
ANT2019geggg,1
ANT2024730bwom6tfyi,0
ANT2024v6nztawj8chi,0
ANT2024pak7rtufsefq,0
ANT20246oehjfxdirmf,0
ANT2024zxc20ws9cb7w,0
ANT20249jvwpv1ed6fh,1
ANT2020aehyjkq,1
ANT202408i8xqi3fpnr,0
ANT2024k6u5pcsigc05,0
ANT20243zhday7p7qtm,0
ANT202428jqf4fpqrka,0
ANT2021ncaes,1
ANT2021inwxq,1
ANT2021clcw4,1
ANT2020aesyg,1
ANT2024s9sdu3pmi73q,0
ANT2023hei068yaf7vq,0
ANT2020m63ii,1
ANT2021mruvk,0
ANT2024t7x4xtprc4ly,1
ANT2020oty5q,0
ANT2020zadna,1
ANT2019f3722,1
ANT2024oprqvw6fxj6p,0
ANT2023t6kaxi3h6uv9,0
ANT2020cixko,0
ANT2020aewvo,1
ANT2020aezk6,0
ANT2020aimpe,1
ANT2020aed4mkq,1
ANT20206rfyy,1
ANT2021stvby,0
ANT2020bga2s,1
ANT2018hrbmy,1
ANT2024erexf4xe58vr,0
ANT2024z24ld2if7aot,0
ANT2024zi930dww66xt,0
ANT2024o0szlpfoyduk,0
ANT2020apy44,1
ANT2023xlf8ld5hfk5f,0
ANT2024j7hu4ac7vom2,0
ANT202487b2acplvms2,0
ANT2021o2xmc,1
ANT2020g2xq,0
ANT202282f0otqjt0p8,1
ANT2020iika,1
ANT2019ufjws,0
ANT2021cba7e,1
ANT2019jzwtu,1
ANT2018bumpe,1
ANT2024081zajduz27k,0
ANT2018a3jzm,1
ANT2022pbzbzy48zmt8,0
ANT2024ip4icnn3yado,1
ANT2020nvhlu,0
ANT2020k2gbu,1
ANT2020mtiyy,0
ANT2020cjhs2,1
ANT2024thsv4qgzhqrp,0
ANT2024paum0za9dm64,0
ANT2024fb82gyiouxy3,0
ANT2021sidq6,1
ANT2020agnkg,0
ANT2024ehjgr3alrrvq,0
ANT20248urwrmwuyppz,0
ANT2024zsac6r95dlid,0
ANT2024x1bwf4jlac54,0
ANT20246ebr1oo2zjij,0
ANT2024qv88xptuuws8,0
ANT2024pv6rvpc31s80,0
ANT2021kyn24,1
ANT2020rvgjc,1
ANT2020tivgo,1
ANT202057ixq,0
ANT2020cteuy,1
ANT2020ngwee,1
ANT2020cwguk,1
ANT2020cwjh6,1
ANT2020m5zzq,0
ANT2020bbkum,1
ANT2023w926ux8ekm12,0
ANT20216gyfu,1
ANT2020mnzt2,1
ANT2020bfoye,1
ANT2020bcy4o,1
ANT2020nxptg,0
ANT2020eto6k,0
ANT2019c3n6k,0
ANT2020et2qe,1
ANT2020nqnpw,1
ANT2020bg27a,1
ANT2019firiq,1
ANT2020c334o,1
ANT2023n3i7u0h6kmdr,0
ANT20244x3jfl5qac5x,0
ANT2024yzm8oqau8bd9,0
ANT2024uded4yur5z8f,0
ANT2020i6mq,1
ANT2019cps3w,0
ANT2024snf9je90uzh3,0
ANT2024la71xzbtj7nr,1
ANT2024j5m5sjotlosp,0
ANT2024xzon0jurvow5,0
ANT2018h2cke,1
ANT2018assxe,1
ANT2023kps33fuq9olx,1
ANT2020at3cw,0
ANT20236lzzr6q34hjw,0
ANT2024iy335ejmu5w7,0
ANT2024l29jukjx1iv8,0
ANT2020afj4ouy,1
ANT20195h2ok,0
ANT2020fy4vm,0
ANT2020aju42,1
ANT2020ajv62,1
ANT20249irni9uhm8uj,1
ANT2024ribqk72iznic,0
ANT2024acn7awj5awdd,0
ANT2024813pbfxnrswj,0
ANT2024iewowzamlyye,0
ANT2020ajoc4,1
ANT2020a6enu,1
ANT20241jomm32kumdu,1
ANT2024tmq3ddtsovil,0
ANT2023361v4b3rqujf,0
ANT2024bg2d0tegwmva,0
ANT2024ycfjl1i8x75b,0
ANT2020xi,1
ANT2024giy7x1mnjedi,0
ANT2020a7jli,1
ANT2024phrqpegyujab,0
ANT2018a6puw,1
ANT2020ajnig,1
ANT2020ajrmg,0
ANT2020ajruo,1
ANT2018aedh2,1
ANT2020a6qnw,1
ANT2020ajzq,1
ANT2020atnje,0
ANT2020iwf7s,1
ANT2020a5m34,1
ANT202465rn5ogis9sk,0
ANT2020kd5xm,1
ANT2020ath74,1
ANT2020a3pec,1
ANT20247oxgwqofo0ua,0
ANT2023n3xr92hj9vrx,0
ANT202348xqm7c73j1b,0
ANT2020z34h4,0
ANT2020uoz4k,1
ANT2020ukdqy,1
ANT20202bokg,0
ANT20203aoau,1
ANT2020nbpxi,0
ANT2023be7zi9tsl2a0,0
ANT2023i816elutj2qg,0
ANT202467mnz4yz4qcm,0
ANT202351wue6ao3b80,0
ANT2021r5xeq,0
ANT2024j8qrrpi16vxs,0
ANT2020c6qmu,1
ANT2023i01y7hbmy3bu,0
ANT2024cis3httd1qvu,0
ANT2018evu5e,0
ANT2024lz4m81wd1eng,0
ANT2024jv5v4xvczjj9,0
ANT2024gp1y06jcpd2e,0
ANT2024e6wp1sc0imyu,0
ANT2024xk81p9d7gr36,0
ANT2020ewmqm,0
ANT2024s9bydyskkdg2,0
ANT20248w5ig0ez8fzk,0
ANT2024i2oet2c23iti,0
ANT202454rqhrx6hvt2,0
ANT2020pydq,1
ANT202127wp4,1
ANT2024kqs62qcttzcl,0
ANT2024vy4yckaawht1,0
ANT2024z8ogyfrefoz1,0
ANT2024f74evb80pyen,0
ANT20243vvx0dmctjmv,0
ANT2024gc140o4rffa0,0
ANT2021r2ssc,0
ANT2020h2mls,1
ANT2024li6yptu71fvl,1
ANT20245stac7ek97l8,0
ANT2024hptd8p69fn36,0
ANT2024vio94opx09kx,0
ANT2024cgqqj7brxmux,1
ANT2024ht4872poxde2,0
ANT20242phlzndg6viq,0
ANT20244jgv9s19l71b,0
ANT2021276my,0
ANT2023nggy9a5emqqf,0
ANT2022ahmem,0
ANT2024qzd8bv4iajb0,1
ANT2024bdn7kun3ps2l,0
ANT2024dr9b4i71cqcd,0
ANT202499ikg93u1wfc,0
ANT2020akjve,1
ANT2023i2qp54tevd2e,0
ANT2024haqptpbtlhl3,0
ANT2020ajr6e,1
ANT2024id3v94kxlc9k,0
ANT2024cgdhkx3symcc,0
ANT2019r3s2q,0
ANT2020aliny,1
ANT2024acuonej6nxyv,0
ANT2024eq81m0gz8pgq,1
ANT2024skr0ybg5i3ho,1
ANT2021eqwai,1
ANT2020aswbu,1
ANT2024h4v4seigpoch,0
ANT2024d8q0o5p0izlm,0
ANT2020bbrds,1
ANT2021sflgu,1
ANT2021lkn3e,1
ANT20244813gxn4ce13,0
ANT2021ozrou,0
ANT2019ft5tc,1
ANT2021o73r4,0
ANT2020whnka,1
ANT2020jbk3w,0
ANT20205emjw,1
ANT20205drjs,0
ANT2020bjr54,1
ANT20240ch4ajzjft95,0
ANT2020afptk,1
ANT2024d9x18ym7gdpu,0
ANT2020exo4a,1
ANT2024gyuc3tt1n1q2,0
ANT2020cbqpc,0
ANT2020bjsca,1
ANT2020bgbp4,0
ANT20242rlqbgvabqnr,0
ANT2024kz3kplec9x70,0
ANT2020hwua,1
ANT2024nhvcewze6ke2,0
ANT2024ja6xps2fevlp,0
ANT2024m1inrcv14iln,0
ANT2024zwadaa0qwm6u,0
ANT2024cc2iq11bctzn,0
ANT2020cteq,1
ANT2024wbtl0mdpa7z5,0
ANT2020arta,1
ANT2024oy24i3z0u0br,0
ANT2024g4vabxb7tg1b,0
ANT20242wtqb4iui6y5,0
ANT2021h65kc,1
ANT2024ghouukpxi9qg,0
ANT2020atml4,1
ANT2021lj73s,1
ANT20243b1eywmi8bq9,0
ANT2023dwa6gqohnkgn,0
ANT2024wc12k106bwni,0
ANT2024pnit07tz2n8j,0
ANT2020astis,0
ANT2024yll138cb5ngb,1
ANT2018d77b6,0
ANT2019bliha,0
ANT2024kac9e9drhatb,1
ANT2020szkq,1
ANT2022swx8fy3f24ed,1
ANT2024y5c9haf5vrfd,1
ANT20242wgzokydggt7,0
ANT2022wcnxp7v3ar9r,0
ANT2018c75vi,1
ANT2021n3q4g,0
ANT2024rfgqme7s0d3s,0
ANT20206phac,1
ANT2024ele2p5k6g0qr,0
ANT20242zizq2pnec79,0
ANT2024jlsb5z2aj16c,0
ANT2020aveyy,1
ANT20247jxchqrlwx1s,0
ANT2024f7whbgg610hx,0
ANT2024xssarjkbpkz4,0
ANT2024u2u44nyxynbw,0
ANT2020fa4hi,1
ANT2024gog2fb86i9lq,0
ANT2024mbwy7vkaq42u,0
ANT2024v46r7crfjg2v,0
ANT2024czp2fybq1e2d,0
ANT20241q8p27jdzqz4,0
ANT20230u9a1kcxlq3t,0
ANT2024qm2lszx58qcd,0
ANT2024srf312nfxnj5,0
ANT2020atkie,1
ANT2023pmvykdrgcspb,0
ANT2024s5gso3t8bqx6,0
ANT2024xp7z6m592hba,0
ANT2020gv6rq,1
ANT2019cvgiy,1
ANT2024h3x7b8glpx4b,0
ANT2023tio5xa1jc8wa,0
ANT2021vmeda,0
ANT2023mon96z5slns3,0
ANT2020lgya,0
ANT202442sq99soaieb,0
ANT2024kkyy6ndpnn51,0
ANT2024k5l095m6d7hm,0
ANT2024fbb58e76omkd,0
ANT2024k7h37nwhzmu5,1
ANT2021mpckk,1
ANT20244tv2f5vzqhrs,0
ANT2024gp3p8ozfdjzs,0
ANT20245j6i4x3x5vo3,0
ANT2024nbndzt4ew9q3,0
ANT2020uf2gk,0
ANT2022fnmby32fjz50,0
ANT2020atjpc,1
ANT2024wvfbhc0xl47x,0
ANT2020pyrq,1
ANT2020htcvs,0
ANT2024fz5l08ing76z,0
ANT2020atbt2,0
ANT2020asuge,1
ANT2021paqom,0
ANT2024sa3ofuz6uf7p,0
ANT2024m6u3ctyo0twx,0
ANT2024lesmb6vw7v9j,0
ANT20247e05kqg4mbfd,0
ANT2024i8rqf9bxgtzl,0
ANT2024l0a4yrqsn9ao,0
ANT2024vrqjz3yuchj7,0
ANT2024h2x0cgn3fox5,0
ANT20249s3bp9pj72x7,1
ANT2023rfj842qvtyj9,0
ANT2019vurxm,1
ANT2020bm56q,1
ANT2020gs3ig,1
ANT2024lzz70nufld7y,0
ANT2024emtqm36r00k6,0
ANT2024lpp4gdxmr4wf,0
ANT2020nvdpc,0
ANT2020ataws,1
ANT2019yjnzs,1
ANT2018cmiw2,1
ANT2021qbzje,0
ANT2024aim3ezoviozs,0
ANT2020afc6joa,1
ANT2020bkfuq,0
ANT202406o19an01xcp,0
ANT2024x0u63avvcsxk,0
ANT2018t6zq,1
ANT2019xxdcu,0
ANT2021pk6eo,1
ANT20246hl5h5qst77m,0
ANT2020ae4fhui,1
ANT2024c5utdy314206,0
ANT2020et24m,1
ANT2020vhrmc,1
ANT2020myoxm,1
ANT2020afauxrq,0
ANT2022aharq,1
ANT2024p1a1k8tdel4j,0
ANT2021jih4y,1
ANT2023lqlfnqrnetxe,0
ANT20225k4xe8bc61bx,0
ANT2020vlnqk,1
ANT2023apq12aoq8hkc,0
ANT2024tu5oxcwpkod8,0
ANT2019f4xuy,1
ANT2020lzx2u,1
ANT2018hzgqk,0
ANT20242ea3uejh349a,0
ANT2024gkt6t2lt156o,0
ANT2021xp5mi,0
ANT202442gi4ng9m0kw,0
ANT2020ivuns,1
ANT2024ra65crfxzye9,0
ANT2023d5ju24crbdkm,0
ANT2023bnar3klrjfkd,0
ANT20249ae3wewzo8fo,0
ANT2022dpqyesl9qju0,0
ANT2024oz1rkmr7p78x,0
ANT2020elfjk,1
ANT2024xf8uboenkx9z,0
ANT2024n26foktlazjr,0
ANT2024uchn2jkyy9dq,0
ANT20223n6lqzwa0fwf,0
ANT2024qa58x5kr7hbf,0
ANT2020ajrys,0
ANT2021k2eze,0
ANT2022uz3zb2hmxptx,0
ANT2024vk85wap61fj1,0
ANT2024di9y70xzz619,0
ANT2024lsrf7t3kpzx7,0
ANT20240u9n66gxmr21,0
ANT2020ersfi,0
ANT2022kfq5lgfe155m,0
ANT20232vj03cz6vnu3,0
ANT2024avxlf06w0h37,0
ANT2018nujsw,1
ANT2024lmj9520yqbpb,1
ANT2023cw55sk4nngvq,0
ANT2020aj2zg,1
ANT2019s3ng4,1
ANT2024oc8prgjw8333,0
ANT2020lw6ds,1
ANT2019nhzuw,1
ANT20230ar2xhpa6ev8,1
ANT2020q7dl4,0
ANT2020etrno,0
ANT2020et2vo,1
ANT2021vpp6a,0
ANT2021vzlii,0
ANT2019kdd5o,1
ANT2020azcvg,1
ANT2024esoh4j694fj6,1
ANT2022ahmn6,0
ANT20227ou63uzie3g2,0
ANT2024vcla3vrkcfb9,0
ANT2024ri3q8jgfcmjj,0
ANT2024ao24ereoubtt,1
ANT2020ee6hi,1
ANT2024sl2e9oj2wut0,0
ANT2024xm4s0wqi4q6s,0
ANT20246ty31lrnsy2i,0
ANT20247plz4jqfyggj,0
ANT2024ah6mcimmxowh,0
ANT202488vkp5ikg265,0
ANT2024lhut5sfqgqb8,0
ANT2024drxcc1orb509,0
ANT2023viwfndltz1a4,0
ANT2024cfur8nr3sz1x,0
ANT20192t3nc,0
ANT2020akkao,1
ANT2020jocqs,1
ANT20246u99v9f9th9f,0
ANT2024m6typvb3ah5a,0
ANT2019a6kvk,0
ANT20230xyr4xgrskal,0
ANT2021j6vn2,0
ANT2024yo2core5scms,0
ANT2020axan6,1
ANT2020afh5z7i,0
ANT20244eo2q2mzp5tz,0
ANT2024ffdpbbz5vtww,1
ANT2024eiayhpcua4z0,0
ANT2024ynkufda0dt8f,0
ANT2024s1hezfosozlv,0
ANT2024elme0xihmwx5,0
ANT2024gwfrab6rek8y,0
ANT2024qob9ex2fg0jm,0
ANT2024wyts6errdfvz,0
ANT2018afwce,0
ANT2024o916cdftswwv,0
ANT20245sdbngrsvnfc,0
ANT2024umpx8msokzc9,0
ANT2019xsrsq,0
ANT202461exahew2eo0,0
ANT2020hzb5m,1
ANT2021p4hdo,0
ANT2021yrc4g,1
ANT2024jzjyt6yd27o7,0
ANT2020muizy,1
ANT20241tpxgs866n3l,0
ANT2020vyi7q,1
ANT20243pnoqo90ndf1,0
ANT2020os5q,1
ANT202454g26xstuogu,0
ANT2020bdfwa,0
ANT20241owgcw5m9qy9,0
ANT2024r469tag32le8,1
ANT20245k8sl59tllj6,1
ANT202477v4ov8223oa,0
ANT2024iwfkyjpb1mi6,0
ANT2024pfpbbejo7m4r,0
ANT2024lmqdka66lazy,0
ANT202415quxu9sd60x,0
ANT2024ni0p81f79c2m,0
ANT2024ikt11jhja70a,0
ANT20248t6niipug2qc,0
ANT2024gr60fni213t2,0
ANT2024855q3jazzknz,1
ANT2020hzh2w,1
ANT2024jhjs50nbq6m2,0
ANT2020jacvu,1
ANT2021h6ong,0
ANT2024jykzhoh5eiu9,0
ANT2024a1yiov7buzxm,0
ANT2021oewuu,1
ANT2022xbayf5fopylw,1
ANT2024npvxlt0lqrd6,0
ANT2024h92dzdnccuo8,0
ANT2024i7ixnc4pwdz3,0
ANT2019zfduk,1
ANT2020etyja,1
ANT2018gx4mo,1
ANT2020bayjc,1
ANT2023oj9levxhl0og,0
ANT2021ifrvu,0
ANT20242ymrqp12k1nm,0
ANT2024xxp63h3r2a9f,0
ANT2022tum6bvd1oymg,1
ANT2020ajsac,1
ANT2020jfqf4,1
ANT2020f7xoe,0
ANT2018etkic,0
ANT202429cw255s66qo,0
ANT2021sjifs,1
ANT2020wf6ve,1
ANT2020arvts,1
ANT20241ya9wymj3kks,0
ANT2024ldumjqx0zi6p,0
ANT2024i8206sr3hs7s,0
ANT202457qf07xzzv1a,0
ANT2018afzbi,0
ANT2024199c3988j1qt,0
ANT2024oj5roq54v06o,0
ANT20246xyfdagwk2bm,0
ANT20245tubnppt9z6c,0
ANT2024p3i5ydxqwq7n,0
ANT2024ca1o11v66al9,0
ANT2021ndcrq,0
ANT2020fxebg,1
ANT2024zw1x2ey2ty2k,0
ANT2024hfjfp2f9i2sg,0
ANT2024uipv6pbqf3t5,0
ANT2020lbov6,0
ANT20246sr9u7m3a725,0
ANT2024fn7fzhh1rxio,0
ANT2024yu6ejjm299p8,0
ANT2023asjkjq6ekpw5,0
ANT2024lm1j9q7l9ss1,0
ANT2024sam9a1h2dzl8,0
ANT2023udqfunzuzaw0,0
ANT2019f4x2s,0
ANT2024pr5e7r1qszki,0
ANT2024kif24izzdto9,0
ANT2024mgfbe1ged7mh,0
ANT2023t0i5sbl2yv4t,0
ANT2024zzjv0jybiomc,0
ANT2020a4s24,1
ANT20233jhy8i8jyie0,0
ANT2024w4d5qkmiiu32,0
ANT2024ibh5uveyfcb0,0
ANT2024rsehjk9ez2mc,0
ANT202480e9j7gqlmot,0
ANT2024m52o0lubqlvt,0
ANT2024plc0p7824ik1,0
ANT2024dgnrfgzs6zrj,0
ANT20247lndnj0hd2p3,0
ANT2024qj1codpge7mu,0
ANT2024cpd6wszm75nm,0
ANT20249nnwwmlwxzof,0
ANT2024p69d5lrcxc77,0
ANT2023ffqj7ypc6pod,0
ANT2024jmln4olle0fu,0
ANT2024tdzrvzbuzrrt,0
ANT2024v1e58qca2ap3,0
ANT2024ixs8g9rphvlg,0
ANT2024cva11vfm4jun,0
ANT2020iuyam,1
ANT2018eywva,1
ANT2020a4jns,0
ANT20247d2wybme36th,0
ANT20240xuynj9cjghr,0
ANT2020ga7ro,0
ANT2020em2wq,0
ANT2024hbxc5w1eu23s,0
ANT2023zvlswblumgak,0
ANT2024bn8dd1kbvad2,0
ANT2022hjrskdhatiut,0
ANT2024bhxlbbd6821q,0
ANT20220ckckbtpc284,1
ANT2024svemo5z6o04v,0
ANT2024vuxzkcd9euvx,0
ANT20240xaop4gj76r9,0
ANT2020kl7ws,1
ANT2020jqpnq,1
ANT2024rxatwiku9a91,0
ANT2024k7jjtx5rtfsl,0
ANT2024uzb44nqcsn33,0
ANT20204bxq,1
ANT2024shi3yo5nz9hw,0
ANT202435buo3dm7dda,0
ANT2024dg63fkuls3yh,0
ANT2024f5ctcg5c4vpr,0
ANT20244qj06unmyqsf,0
ANT2024pp92zprxevaz,0
ANT20236wed87kuivbu,1
ANT202432zzdg11ly6g,0
ANT2020bayrw,1
ANT2024d4pe32pyeai3,0
ANT20240kqf82shcxni,0
ANT2024hxfk5mte1ezm,0
ANT2024o6js93hyz1ms,1
ANT2020at53m,0
ANT2024ufrbemr0xosj,1
ANT2024ygj3jnhylygg,0
ANT2024wj6fg3mkbm7n,0
ANT20249je5f6e551zn,0
ANT2024ypd78ucws0z7,0
ANT2020atlxw,1
ANT2024j4kvngp4amqh,0
ANT202457l8x3bae6on,0
ANT20241lku9gsxojsa,0
ANT2019axgea,1
ANT2020afjfk6a,0
ANT2020aop2u,1
ANT2024fumg7wxp53r2,0
ANT2024yl2ggmp32eat,0
ANT2024rru3obl40d32,0
ANT20242esr97qslc87,0
ANT2020chkn6,0
ANT20246d2d4xhujch7,0
ANT2020ldpa,1
ANT20243nd8j9ocmyty,0
ANT20249jthnue5aj98,0
ANT2021j4w5g,0
ANT2024eg55henu18g3,1
ANT2024gc5dmfsiftp2,0
ANT2024nmtnrgq46z1f,0
ANT2020akx6o,1
ANT2023kgp0qfsvonrz,0
ANT2024rxvkgwwekrl3,0
ANT2024305t7v23avwa,0
ANT2024pbvpy458l0iu,0
ANT20220vo4oavif7xm,0
ANT20234wf8di4xcjij,1
ANT2024brpavygqjr5r,0
ANT2023meg8t6njolkl,0
ANT202496om4dpr1pqh,0
ANT2021wl32c,1
ANT2020eabdc,1
ANT2023rz0dsqlkc5we,0
ANT2024m7lyzu6t5fqo,0
ANT2024eqdz7bp7dzo8,0
ANT2023ant6xy8gsikj,0
ANT20238r4prhmnrz65,0
ANT202401jfzcfcvms5,0
ANT202435z5ee29csd8,0
ANT2022krk2b7sm2m75,0
ANT20227dxqm7x45g8c,0
ANT2024523xuirfwb8o,0
ANT2023eemd0ddaw5zv,0
ANT2024tpbsjj7po2lt,0
ANT2024hikvherfg1cw,0
ANT2019r7vt4,0
ANT2019tcy7y,0
ANT202406h5wap04z4p,0
ANT2023vdm5hhk0qkuh,0
ANT20244pqdyo0w37o8,0
ANT2023r20twfsfn8ws,0
ANT2024z1viru1o531d,0
ANT2024eav04jy6nw4s,0
ANT2021dwqso,0
ANT2019szbkw,1
ANT2020ebog6,1
ANT2019apztq,1
ANT2024idyz9u22wo1z,0
ANT2020a7lf2,1
ANT2019udyzw,1
ANT2024tone3rh2jk5e,0
ANT2020gkj76,1
ANT2020hsh4o,1
ANT2020bgmri,1
ANT2024b9o6sbf25v3e,0
ANT2020mlcgs,1
ANT2020bm6f2,0
ANT20247n1hsbtlszmc,0
ANT2020j46ju,1
ANT2020bpbpm,0
ANT2020bit2q,1
ANT2024c0sxp6eg20zf,0
ANT2020as3uu,1
ANT2020ebhne,1
ANT2020as2cg,1
ANT2020hob6e,1
ANT2020bjgfi,1
ANT2020i2tl4,1
ANT2020bivws,0
ANT2024q4uece640tn4,0
ANT2023innu4uv1zzj6,0
ANT2024g3xheubo4d5p,0
ANT20226an3bzxyu5ue,0
ANT2020x2jnq,0
ANT2020ahlrs,1
ANT202497hmgwl2rzto,0
ANT2024j2nnm752xb6s,0
ANT2024r8p0lt4s6zge,0
ANT2020ap5gk,0
ANT20240aztc5kg1fcd,0
ANT2020jfhvc,1
ANT202494z1uxcnxpvf,0
ANT2024awt60q52ijm5,0
ANT20246gnnrwyxqfem,0
ANT2018cavys,0
ANT2024gvveat684kqb,0
ANT2020ecgag,0
ANT20244suk9h1a4qgt,0
ANT2024etiqi2lvvy2g,0
ANT2024ibens2v2zq8f,0
ANT2024mp48fkojq3f1,0
ANT2024hrebb06uzx22,0
ANT2024g7uc2fq26b4n,0
ANT2024e7oei74iodyh,0
ANT20242zylh5giqso3,0
ANT2024qy8hoerc8wqi,0
ANT2024ltx93xzxipvf,0
ANT2024843sljyjfmns,0
ANT2024wb7jrtbh9nmn,0
ANT2024ig7spls9sx90,0
ANT2024pmdbvt9oyt4i,0
ANT2020ltmn6,1
ANT2021cx7ni,1
ANT2021aegnbyy,1
ANT2024u97cau77xg0v,0
ANT2024ij0u0j93284u,0
ANT2024672tvgv8fke0,0
ANT2023hwsi6ql258ft,0
ANT202310cdcf92a60i,1
ANT2020rq6vq,1
ANT2024h79lr8doapxr,0
ANT2021dwf5w,0
ANT202412c6tal6jyjc,0
ANT2023mfqkmzmmol1h,0
ANT2019dzaia,1
ANT2020cv4ye,1
ANT2021z5xjq,1
ANT20244xxfzhx6unul,0
ANT2024ued0c2p3qrp6,0
ANT2024hha79ige28nu,0
ANT2024a4xyy6f1hd79,0
ANT20249esxhofcjxul,0
ANT2024ut2aq789ey5g,0
ANT2024fv1i5zldyacj,0
ANT2024j11fufrw1w77,0
ANT2024uffifykq0tec,0
ANT2024nj1hng0gxgxr,0
ANT20248k9hx64nmo32,0
ANT2024cdz65n2ke9sh,0
ANT2022lx9zijy986th,1
ANT20239g01bd9r0xer,0
ANT2020biwgm,0
ANT2021kkwmu,1
ANT2023wd8jz31xre7x,0
ANT2024wkhm8mrvlbgx,0
ANT2024q3yyox7x2c3m,0
ANT2022a7igs,0
ANT2020as42o,1
ANT2023776fvcdoqr7o,0
ANT2021gb23o,1
ANT202485yoc49wv9id,0
ANT2020gpfd6,0
ANT2019vvt3q,1
ANT2023a690wl26yd15,0
ANT2019zrbvi,0
ANT2024xxlrgx8dok32,0
ANT2020belhy,0
ANT2020gjt3o,1
ANT2024spup9fok94ob,0
ANT2020aj5rs,0
ANT2020as33m,1
ANT2020h3isw,0
ANT202428tvtl49gi59,0
ANT2020glllu,1
ANT2020bl2os,1
ANT2020usv64,1
ANT2024q0ybyj2v5ps9,0
ANT2020bitpc,1
ANT2020bkvgm,1
ANT2023kekjj2cwixeu,0
ANT2020fzk5m,0
ANT2020fzzd2,1
ANT2023ewubf30jrd2z,1
ANT2021bksos,0
ANT2021h4722,1
ANT20246y6bir4lg76i,1
ANT20217icvo,1
ANT2024g549d1w2jjyr,0
ANT2024duvtbp5mezh1,0
ANT2021dxcye,0
ANT2021e5nuw,0
ANT2024gqogzwoxt4os,0
ANT2020aepyqaa,1
ANT20245itgh5zu4wbz,0
ANT2024n078hmp8mxgr,0
ANT2023p2jfq5ltn6o4,0
ANT2020gpn36,0
ANT2020gm2oc,1
ANT2023isr034nf1r90,1
ANT2024lk04g7o00og6,0
ANT2019vkmma,1
ANT2020ggybg,1
ANT20247f5z3cf4tsry,0
ANT2024no8od1x27701,0
ANT2021flwzc,1
ANT2020nbwcq,1
ANT2023wpcd7rf4w36r,0
ANT2024hqgj9lgwavlf,0
ANT2020aeao2,1
ANT20244x8wwmdc49si,0
ANT2024sjyrzpwqrtax,1
ANT20243fsig0l75sle,0
ANT20240liw5xuc5ila,0
ANT2024wzo760a0wo08,0
ANT2024c6wdcn8i0ric,0
ANT2024oy17uhrkq5z7,0
ANT2020asxsu,1
ANT2024iec1wth7s59v,1
ANT2020cwdue,0
ANT2019ft7f2,1
ANT2020y6tlk,1
ANT2024orcifafm2lb4,0
ANT2024pet5v5cycdpo,0
ANT2020de2hk,1
ANT202450op9n560j87,0
ANT2024ugzfuhc8xbq2,0
ANT2024sgoulg4u0qhf,0
ANT2024onvax3nkia82,0
ANT20236nzw4s0kcz0u,0
ANT20241v1sr1z7xru7,0
ANT2024zup56zxk4z33,1
ANT2021cwy6q,1
ANT2020nbzd2,1
ANT2020je3q2,1
ANT2024gk5wekn2nbyg,0
ANT2024gmj0xhpjfugo,0
ANT20241feusq72968n,0
ANT20242yoqs4s3ibkk,0
ANT2023ycqvarmmyi7m,0
ANT2020esnrs,1
ANT20244fqy0kso7kb4,0
ANT2024at3fwvz2bidl,1
ANT2024lq98cvpu5fun,1
ANT2020akmj4,1
ANT2024060jhqmx66xw,1
ANT2024zh5xrdn6mcn6,0
ANT2021bkioa,1
ANT20246if81p12vrru,0
ANT2022xtnskqwj1qbx,1
ANT2024bgah4iuqojb6,0
ANT2020hti3s,0
ANT20238dg8j73so52z,0
ANT2023e3yxdyxmkn0q,0
ANT2024k3idwypmzhdu,0
ANT20247mkugesg0esa,0
ANT2024k2ikroisjaio,0
ANT2020kdy5c,1
ANT2018foxa,0
ANT2024jcv23iouuc7j,0
ANT2024s81hmcqh3sqd,0
ANT2020byfi6,1
ANT2020alvgq,1
ANT2024dd9549s5kh4c,0
ANT20245ne9x6fnvfp0,0
ANT2022nolmo1gz4jer,1
ANT20244gnmx9aj8jbd,0
ANT2020aew2tjq,0
ANT20241xi3e4d5ub0a,0
ANT2020hedjg,1
ANT2021lhtau,0
ANT2024z8zgikjxmc8v,0
ANT2024qmc5bubtkxt2,0
ANT2023v24r502esml3,0
ANT2020aegolva,1
ANT20242tcwxsj7lnon,0
ANT20248dux1ovh26y3,0
ANT2020eyzbc,1
ANT20245dflzpyymvek,0
ANT2024py2m3hf8uc2t,0
ANT2018aqn7k,0
ANT2018atjhc,1
ANT2024aj72gluz7qgz,0
ANT2024ntaapfbb6b8j,0
ANT20249uqr83pkb18u,0
ANT2020eupyo,0
ANT2020bquo2,1
ANT2020bneue,1
ANT2020aj4ly,0
ANT2020bfllk,1
ANT2020aetoacq,1
ANT2020gpsby,1
ANT2020gqfpi,1
ANT2020bfzbs,1
ANT2018fbzom,0
ANT2020egzou,1
ANT2020jkxgy,0
ANT20238xtv9ts16b42,0
ANT2024owcaw1yfqzjn,0
ANT2020aenni2a,1
ANT20192xj2k,1
ANT2021aedwy5i,1
ANT2020f4sdi,1
ANT2020f2xmw,1
ANT2019vvhlq,1
ANT2019zmyye,1
ANT2020iaeis,1
ANT2020gpsb6,1
ANT20203qxwo,0
ANT2019texfa,0
ANT2024ytz8cnlei8x2,0
ANT2022ahky4,1
ANT2020d66z2,1
ANT2020miw3g,1
ANT2024sd9gc1zrhx51,0
ANT2024mwlfmoo8ejhs,0
ANT2024mk68vi9p8n5w,0
ANT20245hpimf56qxnf,0
ANT2022bbgmk,0
ANT2019zt3mq,1
ANT2020irero,1
ANT2020hoaw2,1
ANT2020tvxfu,1
ANT2020gkjmm,1
ANT2018a2ywi,1
ANT2020aehu5ja,0
ANT20207xyuo,0
ANT2022b5qsg,0
ANT2021t7mb2,0
ANT2024h2j6kudnhjdb,0
ANT2024howh5srmv6wr,0
ANT2024g54p8taudmjp,0
ANT2020aek5pvy,1
ANT2024fk1zudeq7p5m,0
ANT2024z51tg6panfo9,0
ANT20224sqe607sjcq4,0
ANT2024mdcxgb6ucazq,0
ANT2020gk6wu,1
ANT2024l45wxb8tur6g,0
ANT20241ziv0vdw4bkl,0
ANT2020r5eg2,1
ANT2020mnb3c,0
ANT202462n8dbirqh9j,0
ANT2020k2cq,1
ANT20230qozh51dpfzk,0
ANT2023ja79bisk0j2f,0
ANT2020nmngq,0
ANT2021nq7vc,0
ANT2020bccqo,0
ANT2024fsfss3jh7cro,0
ANT20248j4c6kte9trq,0
ANT2024gx5pqx7e3aig,1
ANT2024ilbxq57zxfmd,0
ANT2024e7bhxt37xlj5,0
ANT2024bs3x6emkr38e,0
ANT2024va89utfq4hkp,0
ANT2024wnfq9xayej3l,0
ANT20234hadr3mv1nfu,0
ANT2024jw9hf1cj35ia,0
ANT2024iaucccqhjr3q,0
ANT2024nfbwpqzu4kcp,0
ANT20249uhuw9s9tcim,0
ANT20244vj72qa1p0qq,1
ANT2023tbpn1qcym8gb,0
ANT2020ebnrc,1
ANT2020ea65q,1
ANT2020jgppo,1
ANT2020afj3whq,1
ANT202145esa,0
ANT2024vm38g3lxrf4c,0
ANT2020edtv2,1
ANT2024ftvzpxw4kxq1,1
ANT2024h432prhsken0,0
ANT2024xaoyz3wmovrp,0
ANT202450rqwvxse93y,0
ANT2024cew5y05wv1y4,0
ANT202491e4bka6qq62,0
ANT2024qpvt574drq25,0
ANT2024evp09y8pxf3m,0
ANT2024ow29u51oaj2t,0
ANT2020atbw4,1
ANT2020hhrrc,1
ANT2024q36c4hlb8sgh,0
ANT2023wuude2jqy5uh,1
ANT2024kl4gft4xw0ya,0
ANT2024yfnlgvodk67d,0
ANT2020jhioc,0
ANT2024o1ersemu61cj,0
ANT20242j3m6y8m2qgp,0
ANT2020int4i,1
ANT2020smvyg,1
ANT2022rdavfs3vlpee,1
ANT2024tzrbt8s7lx4j,0
ANT2024t7qdr3vfex9b,0
ANT2024ee0e48kk10j8,0
ANT2024wqbcrjpoh5x8,0
ANT2024qk55045xm6kl,0
ANT2024m5eefw07y82b,0
ANT2024rgnfcvqwtmaa,0
ANT2024uzhdwn1btke0,0
ANT2024xr9qk3i54wgs,0
ANT2020sjpvk,1
ANT2020jaa64,1
ANT20246z0wvyt8y2vh,0
ANT20245g2e28haq56g,0
ANT2024szulfma1z1by,0
ANT2021nsquy,0
ANT2020rbxcg,1
ANT2024e5g4iow36spd,0
ANT2024pba95cntyymv,0
ANT2024ts5kuyei1gp3,0
ANT2024tkgjso9edlbh,0
ANT2024conm8n2rpdfl,0
ANT2024ieqcuasybra4,0
ANT2024rejy0rrohvje,0
ANT2024tzzrx09pvga3,0
ANT2020akosq,0
ANT20249hey11utvjqe,1
ANT2024gx1607q22zuh,0
ANT2024uqt8m3k5lmtc,0
ANT2019vx5co,1
ANT20243saf5jvggkvr,0
ANT2021j5fjy,1
ANT20242sgri9eqw8o5,0
ANT2024t7h7dr1ebx62,0
ANT2024wj4lkeml385c,0
ANT2024t8fw0see7592,0
ANT2024lt8d7suu58fw,0
ANT2024dvm5r7tfekn2,0
ANT2024pwdnlz665d9l,0
ANT20248qc7wz0my2ix,0
ANT2024az3t2uw3obww,0
ANT2024vqphr7r6fy79,0
ANT2020asr7e,1
ANT2024scfamuec3tx2,0
ANT202453y28bj9hh1e,0
ANT2024bkeiymtwzrpk,0
ANT2020h74z4,1
ANT2021aeic3ua,1
ANT2020gjprq,1
ANT2018ajxbg,0
ANT2019sybq,1
ANT2020vgcg6,0
ANT2024oo4208rvhii9,0
ANT20249d5qd6t5ljuk,0
ANT2024s8b733ybmmao,0
ANT202458ws8lqeu8er,0
ANT2024869bazn9rc8b,0
ANT2019s4pig,1
ANT2024ortfvldsqotx,0
ANT20240rxlv3h3m2z0,0
ANT2022b3oqu,1
ANT2020h3mo6,1
ANT20244qknft9itvkt,0
ANT2020gkqh2,1
ANT2023w6tjcfl2lkvh,0
ANT2024parwtt8co4a3,0
ANT2024v6qqgaxq5yt8,0
ANT2024efwpzlwhi5q6,0
ANT20244qccdv592j8f,0
ANT202469as6f5lnl5k,0
ANT2024dk75u85v38b6,1
ANT2021mgp22,0
ANT2024ny6rrl2kuya2,0
ANT20249vsnnkzit7dv,0
ANT20242qq8rq9x72ov,0
ANT2020oroq4,1
ANT20247atpn2qdj1u5,1
ANT2024ejmwsfoj4s7s,0
ANT20245xpbivkd2uvm,0
ANT2024bowsvbaiflks,0
ANT2024p6v9dxzny8z9,0
ANT2024dkw72u7pbfsc,0
ANT20240wms6cqe4jye,0
ANT2024xtxioft6geq5,0
ANT2024prxa6hzrd6pm,1
ANT2024zdytuqkmc4c8,0
ANT20243bl8qsn96t0o,1
ANT20244csfg7z11hwf,0
ANT2024ww25vqp2v9pe,0
ANT20247p1nwhmjgkyg,0
ANT20239e8nvgm6jc95,1
ANT2024tjdjjjk8teod,0
ANT2023lihtiuw98ua5,0
ANT20205zea,0
ANT2024kq8wqpfz45kj,0
ANT20243hzgyz0nqf5i,0
ANT2024tazggkzcfkq6,0
ANT2024d4m4l9l5f56s,0
ANT2023k6xgfi3zz8xe,0
ANT2024isuyntwzgph6,0
ANT2020guvxm,1
ANT2018agyre,0
ANT2020gnjss,0
ANT2024d1h41bxs4m06,0
ANT20233espuvlljdtb,1
ANT2020n7qbq,0
ANT2024c3mh4rhazmvr,0
ANT20212f264,0
ANT2024gwz0hq3jebrg,0
ANT20249dak9k762swg,0
ANT2020i4cag,0
ANT2018fccss,1
ANT2021fylhc,0
ANT20247it9s45f5trm,0
ANT2018agtba,0
ANT2024qjtgmy1rdn99,0
ANT2019wmwvk,1
ANT20242c62e7wgp6ln,0
ANT20241keozep0jnsq,0
ANT2024ie86rh0xeddd,0
ANT2024ln409zarknfh,0
ANT2024t9cy0n1m0cui,0
ANT2023hyx0b2uyjeby,1
ANT2024f36ikasi6szj,0
ANT2020ssjle,1
ANT2024mbw5cczrfdyh,0
ANT20245v6382uuzczv,0
ANT2024kdmxnbkk75q6,0
ANT2024q747iqr38zvv,0
ANT2020aenm5vy,1
ANT2024tbjsemumcmwy,0
ANT20217zi5y,0
ANT2024a3m0src88do3,0
ANT2024l0oq4arilcvy,0
ANT20244zu7c37oinul,0
ANT2023d9pilqpv7xji,0
ANT2021i26oa,0
ANT202283wudx3vhz4h,1
ANT2021cv2ly,0
ANT2024o3zrpylj0t5s,0
ANT2020aeyh3xy,1
ANT20230cut1hdtwonh,0
ANT20248sgvix1gbrro,0
ANT2021awhlm,0
ANT2020gmyzw,0
ANT20217a4ye,1
ANT20233b8nl3lp7t3i,1
ANT2024t0hvnkqecvij,0
ANT202487nx3hm95ls7,0
ANT2024ijndm1je2f0r,0
ANT2024lal2lssatjfq,0
ANT2023mryr4ezk0nyd,0
ANT2024gzd4yody5dos,0
ANT2024cqciswoobu8x,0
ANT202339enyomealwa,0
ANT2024kze4dgqmule2,0
ANT2024wt7tjghihfm7,0
ANT2021iwjpe,0
ANT2020afkl46y,0
ANT2018ebmey,1
ANT2024nscj10nxp0pr,0
ANT20248qt4jabm44nm,0
ANT2020k62wk,1
ANT2024qgj5qop4xk8e,0
ANT2020mbtdi,1
ANT2024lq7pvqqhv97o,0
ANT20248z9qky8on59o,0
ANT2024lmxk57olbwc4,0
ANT202324moisiotrv3,0
ANT2018h5dcq,1
ANT20241iyv682pn590,0
ANT2020edico,1
ANT2020hrrkc,1
ANT2020h33q2,1
ANT2020edksc,1
ANT2019ypags,1
ANT20224cocfdq9vylc,0
ANT2020hm6r6,1
ANT2020afaicei,0
ANT2019v2mj2,1
ANT2021d5npu,1
ANT2023u3wi8r0dqy1y,0
ANT2022bypps,0
ANT202461rfxpdiemt7,0
ANT2024s4pzzgltc860,0
ANT2022zw0rs4fra10q,0
ANT2018a3iu2,1
ANT20244oj7du3pbt3w,0
ANT2024kjbjwh1wpzwv,0
ANT20246sfk6ywlidzd,0
ANT2024gzqb45v2nzs4,0
ANT2024p8qpv867ya86,0
ANT2024pf2wjskv2f1v,0
ANT202348jwp88rjwsd,0
ANT2023m521wqnqt0o4,0
ANT2024zon82sxxzmbu,0
ANT20214ba5g,1
ANT2022vgft1aooawhf,0
ANT2021k26hs,0
ANT2024b8olixoch61p,0
ANT2020ucsts,0
ANT2024ya7cec4im4ok,0
ANT20238q801yqror0n,0
ANT2021e5ntk,1
ANT2024y97gzkeebr3z,0
ANT20241toeq0fu8wr8,0
ANT2023tt01bqm5njar,0
ANT201923tve,1
ANT2024chkt76npxov5,1
ANT2020hngls,0
ANT2023ejg2gjh7ax3l,0
ANT20234oth0qhgb3an,0
ANT2024gae0csuk3426,0
ANT2023f7sqf2fm2zyo,0
ANT2022a4ths,1
ANT2019kke2s,0
ANT2021sifcu,0
ANT2020whris,0
ANT20220dwjx039h87j,0
ANT2024g7n359karvtm,0
ANT2024ltdj0okw7inz,0
ANT2018bmnak,0
ANT2023xhot8s621jce,1
ANT2022be6vjc4d62xm,1
ANT2024760kygebgdq6,0
ANT2023esao4mjda5fv,0
ANT2020leos2,1
ANT20242bmsj0yct423,0
ANT2020a565a,0
ANT2020ijdcq,1
ANT2023ie8c8nyh49f9,0
ANT2023smafab2405pl,0
ANT202308ilw32vzd40,1
ANT2023h8avmq5virjs,1
ANT2020i7et4,1
ANT2023sfo5ervzsjiv,0
ANT2021jqj5k,0
ANT2020aes3e3i,1
ANT20227bq78z17b7cq,1
ANT2020ufr4w,1
ANT2020hnw76,1
ANT2020ea3oo,1
ANT2023ssjbjrjmdp2t,0
ANT2018h7aya,0
ANT2020ec4h2,0
ANT2022dm47lfpgqm96,0
ANT20215insk,1
ANT2020aegf6sq,1
ANT202226m7rpf9cwhy,1
ANT2020ho5gu,1
ANT2020f2pfo,1
ANT2020hnwbe,0
ANT2022b23iw,1
ANT2020ecs4g,1
ANT2020izmve,1
ANT2018hwx56,1
ANT2023tls4k3i7cwtl,1
ANT20192iaie,1
ANT2023fhd1tnp8fgy7,0
ANT2020iob6c,0
ANT2020ea63m,1
ANT202172lbu,1
ANT2024nbzmpztqezfx,0
ANT2024iiw5nhc6zdoh,0
ANT2020hp4vc,1
ANT2020jq7w6,1
ANT20207uens,1
ANT2020iiu5o,0
ANT2019zq3q6,1
ANT2019g5f4q,0
ANT2020hnxk2,1
ANT2022yvepu780qbtl,1
ANT20234ihqfeq4lwo7,1
ANT2024o8fx2oszg6er,0
ANT2020hnzog,0
ANT2019vuo5g,1
ANT2020aesydny,1
ANT2021cjuua,1
ANT2023a98e3hyccomy,0
ANT20241xpkmin732ez,1
ANT2021darly,1
ANT20236wnnxbvvs0pb,1
ANT2020aep2viq,1
ANT2024ivylxcvalvzx,0
ANT2021f4oq4,1
ANT2023uqgg7mkzggrn,0
ANT2019a6s7s,1
ANT2024f1gi438skc50,0
ANT20241q3sdcltma3f,0
ANT2020eaztw,1
ANT2020ea2ys,1
ANT2022gqx3idw43qba,1
ANT202404pvoalla7ls,0
ANT2024a7i55ckpfr6m,0
ANT2024rdpv6rgm4j6d,0
ANT2020ecbro,1
ANT2022b3i5m,0
ANT2023ootv35m3jie4,0
ANT2024qfq8pbqp2o44,0
ANT2021aeakdfq,1
ANT2024m12w6pwarz63,0
ANT2020edt34,1
ANT20232y36dw59cgsj,0
ANT2020uczg6,1
ANT2021bkcqm,1
ANT2019vuaa2,1
ANT20215ka72,1
ANT2020d5z4a,1
ANT2021p5mz2,1
ANT20207xzyw,1
ANT2020hnh7o,1
ANT2024ql124hox80yi,0
ANT20230kxhmatv5rca,1
ANT2020at5pa,0
ANT2024tcdr97wuvk7n,0
ANT2024bpkbytjfvgwg,1
ANT20242sj29ji5ty7i,0
ANT2021muxwa,1
ANT2024ymmtlfc9nqdw,0
ANT2024xcnv5omifj1t,0
ANT2023yjo3tz6qztnd,0
ANT2022bswpq,1
ANT2023qut0zz3vwilm,1
ANT2018hqffg,0
ANT20240myiqsmkzmhq,0
ANT2024wejvhewsjchv,0
ANT20243wzfvj49829t,0
ANT2024siii2bd3e0ff,0
ANT2020llpg6,1
ANT2020i73fi,0
ANT20248c8w3bpd61r4,0
ANT2020ecs7k,1
ANT2018oevng,0
ANT202481t3ao1vyzpk,0
ANT2020aysyo,1
ANT2024ipc2fzdsf87g,0
ANT2024vkdqio37i7tp,0
ANT2024ix08siwtzsup,0
ANT2024icqs1atru8b2,0
ANT2024pa9g364zncew,0
ANT2024ndnvye97rj2k,0
ANT20192qzua,1
ANT2021vgf2w,1
ANT2021dxugw,1
ANT2020ebysy,1
ANT2024iabykasjkq6w,0
ANT2023bwapmheu6cm9,0
ANT2020uvf56,1
ANT2020i2jwy,1
ANT2022gdmk3fyi8slb,0
ANT2024ngfiompbt2s6,0
ANT2023ttbs9zgig48h,0
ANT2020veu2e,1
ANT2023jweaxdudjayw,1
ANT2021lgpuw,0
ANT2020edvba,0
ANT2020ui6xw,0
ANT2022bq1rzv6w4rtc,0
ANT2020edo7q,1
ANT2020pg37k,1
ANT2020iktpq,1
ANT2022pijumtc5svm1,1
ANT20237fc56shv6yci,0
ANT2024fc6l6qy97q9w,0
ANT2024fovewh4xy1zh,0
ANT2020fvhgw,1
ANT2024pd8hal7zcfxe,0
ANT2024utjyzlyyvh0e,0
ANT2024pwnhrqqrbjec,0
ANT2024jgylp889zeif,0
ANT2020ikgxc,1
ANT2020nn6fu,0
ANT2024hlle8di493bq,0
ANT2023l33mv6ivqqvo,0
ANT2024sm5s0af80pa9,0
ANT2023yck15evj57ij,0
ANT2021simf4,0
ANT2020bdzyc,1
ANT2024sy43lfy5ljws,0
ANT2024gok8j79e9xrl,0
ANT2024635zxdgp7wm7,0
ANT2024wc1f49bufuh3,0
ANT20215gj52,0
ANT2023dio60i8pag21,0
ANT2019c6rxm,0
ANT20242oxeyo9c2d4g,0
ANT2019s4l2a,1
ANT202417dej1h7qpsr,0
ANT2024ps3buerp6yfh,0
ANT2020ednta,1
ANT20241p7xvl13kbvv,0
ANT2024wm6aamfx3iy6,0
ANT2024ndeyjiosdwug,0
ANT2019rn4ue,1
ANT2022jnq5mbzuvmov,0
ANT20247jykzp2lkwf7,0
ANT2024igsb5x2yp78k,0
ANT2021oso7q,1
ANT20242hm76jjspznc,0
ANT2019uftqc,0
ANT2018cooey,1
ANT2024v66glvvzkymo,0
ANT2024bryp44bvzw5s,0
ANT20241omtp9csw403,1
ANT2024o6r9zqbkyfl0,0
ANT2024ducsn7safddg,0
ANT2024fpqe1j5fiwkj,0
ANT20245u9m4zw6wpno,0
ANT2024nmnm7zptf6i5,0
ANT2024blb6fajpkvia,0
ANT2024ch6ez9kiak3b,0
ANT202447xzrf218v1b,0
ANT202396snwnc38xjb,0
ANT2020afj5a,1
ANT2024pmrxuersq1i9,0
ANT2024h5ryicembzqx,0
ANT202470u00t7nt0k6,0
ANT20241tcfiklxcid2,0
ANT2021mu6a4,0
ANT2023osx91c72xdnb,0
ANT2023mzfnv95hi2ys,1
ANT2024z6g4txvpbvbl,0
ANT2020mciq,0
ANT2020egz4e,1
ANT2024baai9de9khp5,0
ANT2024pdiw8j0wh6tm,0
ANT2024ak4sqhxvc5zu,0
ANT2024xcyqecvr4mub,0
ANT2024pdx8r2lypmq5,0
ANT2023ptfe8zf5kvid,0
ANT20232hxg6sw7sqcv,0
ANT2022ftjolfwgyygw,0
ANT2024zqibv4qzklh3,0
ANT2024sgqqafrfu5m9,0
ANT2023nd1bq2wln08q,1
ANT2024t1ewz1sx0tqe,0
ANT2024wra2fkk85lvv,0
ANT20237z4gcx8yhuj2,0
ANT2024n6ifwyalzwjc,0
ANT2024b2v5xo67jak7,0
ANT2023ocwey0h9dh4w,0
ANT2024zdyyoftoa673,0
ANT2024emund75i9qvf,0
ANT202479hy0x2pszus,0
ANT2024gwqk7lqbungb,1
ANT2023occ80nqc9awi,0
ANT2018aeh7q,0
ANT2019s3lyu,0
ANT2021dwpuk,0
ANT2024yy2a8qotlk46,1
ANT2024tzs7u9742p8i,0
ANT2021ovyok,1
ANT2024zfohewsn6dkj,0
ANT20244n77ocm17h5n,1
ANT20240rdvgigxmv6t,0
ANT2024xmjx8ox0kx8o,0
ANT2024o6monp3sx8h2,0
ANT2024yakcif9l5p1g,0
ANT2020o32ni,1
ANT2024vyw02nhfg6n2,0
ANT2024de70cq8p22s6,1
ANT202411skce4jpui9,0
ANT202444x4qnplxuo8,0
ANT2020ptim2,0
ANT2020huzji,0
ANT2023c28zpk0cki4u,0
ANT20233qdofm3wpcsx,0
ANT2024p1yeakilsrvu,0
ANT20222hmcafrnik1p,1
ANT2020gpt2s,0
ANT2020afcac2i,0
ANT2020aew2xuy,1
ANT2020afmrqka,0
ANT20244fvzzahnvr2x,0
ANT2024q8z8fz2zknt0,0
ANT2023r81l9ds0a4p3,0
ANT2021l4h2s,1
ANT2023muuad8z8fwuy,0
ANT2022zlyjqpi2ljyu,0
ANT2021kk35w,1
ANT2021ef3ac,1
ANT2020h62d2,1
ANT2023jkfjwum5wx23,0
ANT2023a24ao4qh82xt,0
ANT2023me96ruksv82n,1
ANT20249f88ql9t53oe,0
ANT2020gkrwg,1
ANT2020mi7nk,1
ANT2021hlf3w,0
ANT2020afdksrq,0
ANT2023dhapqjr7lskt,0
ANT2023kxhkxs28g7le,0
ANT202314ob5pnwuemw,0
ANT2021eh67m,1
ANT2018s3gq,0
ANT2021ib762,0
ANT2023isfjm8fno0y8,0
ANT2020ajz4i,1
ANT2020ebz5k,0
ANT2021fxhwc,0
ANT2023fpq53ng00w7y,0
ANT20237w7ot8syclzl,0
ANT2020ulpj6,0
ANT2020xo3q,1
ANT20242drtadv0dko8,0
ANT2021afkra,0
ANT2023xgxkcy67i69a,0
ANT2024s8re24uk2cnb,1
ANT2019mlcqe,1
ANT2018flngk,1
ANT2024w2p13a7ovnxa,0
ANT2024plrtkl4jnipp,0
ANT2022hi13iiwyqew4,0
ANT20229pdnqh24gf7h,0
ANT2024yg1m4l3cdq5t,0
ANT2020cl33e,1
ANT2020ffm2c,0
ANT2023xu9onekxk0of,0
ANT2024f2xkd9mkjx9w,0
ANT2024reyn1lu66iim,0
ANT202044a6o,1
ANT2024y8wry0zoh8rd,0
ANT2023m0583v1sssql,0
ANT20205xdkm,1
